{"cameraMode":{"drawMode":0,"name":"Shaded","section":"Shading Mode"},"sceneLighting":true,"audioPlay":false,"sceneViewState":{"m_AlwaysRefresh":false,"showFog":true,"showSkybox":true,"showFlares":true,"showImageEffects":true,"showParticleSystems":true,"showVisualEffectGraphs":true,"m_FxEnabled":true},"in2DMode":false,"pivot":{"x":28.547012329101564,"y":60.9056510925293,"z":158.49229431152345},"rotation":{"x":-0.021348698064684869,"y":0.9218026995658875,"z":-0.051213040947914126,"w":-0.38378527760505679},"size":5.024937629699707,"orthographic":false}